{
  "dragons": [
    {
      "id": 1,
      "name": "Infernak",
      "type": "Fire",
      "hp": 45,
      "atk": 60,
      "def": 40,
      "spd": 50
    },
    {
      "id": 2,
      "name": "Infernakon",
      "type": "Fire",
      "hp": 75,
      "atk": 85,
      "def": 55,
      "spd": 65
    },
    {
      "id": 3,
      "name": "Emberdrake",
      "type": "Fire",
      "hp": 105,
      "atk": 110,
      "def": 80,
      "spd": 85
    },
    {
      "id": 4,
      "name": "Hydrake",
      "type": "Water",
      "hp": 48,
      "atk": 55,
      "def": 50,
      "spd": 45
    },
    {
      "id": 5,
      "name": "Hydragon",
      "type": "Water",
      "hp": 78,
      "atk": 75,
      "def": 70,
      "spd": 60
    },
    {
      "id": 6,
      "name": "Tsunamidrake",
      "type": "Water",
      "hp": 108,
      "atk": 102,
      "def": 90,
      "spd": 80
    },
    {
      "id": 7,
      "name": "Terradrake",
      "type": "Earth",
      "hp": 52,
      "atk": 50,
      "def": 60,
      "spd": 35
    },
    {
      "id": 8,
      "name": "Bouldron",
      "type": "Earth",
      "hp": 82,
      "atk": 70,
      "def": 95,
      "spd": 50
    },
    {
      "id": 9,
      "name": "Mountadrax",
      "type": "Earth",
      "hp": 120,
      "atk": 95,
      "def": 120,
      "spd": 60
    },
    {
      "id": 10,
      "name": "Galedrake",
      "type": "Air",
      "hp": 40,
      "atk": 52,
      "def": 38,
      "spd": 70
    },
    {
      "id": 11,
      "name": "Vortexion",
      "type": "Air",
      "hp": 65,
      "atk": 72,
      "def": 55,
      "spd": 100
    },
    {
      "id": 12,
      "name": "Skyterror",
      "type": "Air",
      "hp": 95,
      "atk": 98,
      "def": 72,
      "spd": 130
    }
  ]
}